Var1,Var2,Var3
83332.Rv0001,83332.Rv0002,996
83332.Rv0002,83332.Rv0001,996
83332.Rv0002,83332.Rv0003,996
83332.Rv0003,83332.Rv0002,996
83332.Rv0005,83332.Rv0006,999
83332.Rv0006,83332.Rv0005,999
83332.Rv0013,83332.Rv1005c,996
83332.Rv0013,83332.Rv1609,999
83332.Rv0013,83332.Rv2192c,996
83332.Rv0016c,83332.Rv0017c,998
83332.Rv0017c,83332.Rv0016c,998
83332.Rv0113,83332.Rv0114,998
83332.Rv0114,83332.Rv0113,998
83332.Rv0126,83332.Rv0127,998
83332.Rv0127,83332.Rv0126,998
83332.Rv0137c,83332.Rv2674,997
83332.Rv0155,83332.Rv0156,999
83332.Rv0155,83332.Rv0157,999
83332.Rv0156,83332.Rv0155,999
83332.Rv0156,83332.Rv0157,999
83332.Rv0157,83332.Rv0155,999
83332.Rv0157,83332.Rv0156,999
83332.Rv0189c,83332.Rv2210c,996
83332.Rv0189c,83332.Rv3001c,999
83332.Rv0252,83332.Rv0253,999
83332.Rv0253,83332.Rv0252,999
83332.Rv0254c,83332.Rv0255c,997
83332.Rv0254c,83332.Rv2208,996
83332.Rv0255c,83332.Rv0254c,997
83332.Rv0263c,83332.Rv0264c,999
83332.Rv0264c,83332.Rv0263c,999
83332.Rv0306,83332.Rv2207,997
83332.Rv0334,83332.Rv3464,998
83332.Rv0334,83332.Rv3465,996
83332.Rv0350,83332.Rv0351,998
83332.Rv0350,83332.Rv0352,996
83332.Rv0351,83332.Rv0350,998
83332.Rv0352,83332.Rv0350,996
83332.Rv0357c,83332.Rv0777,998
83332.Rv0363c,83332.Rv1436,996
83332.Rv0363c,83332.Rv1438,997
83332.Rv0373c,83332.Rv0374c,999
83332.Rv0373c,83332.Rv0375c,998
83332.Rv0374c,83332.Rv0373c,999
83332.Rv0374c,83332.Rv0375c,999
83332.Rv0375c,83332.Rv0373c,998
83332.Rv0375c,83332.Rv0374c,999
83332.Rv0408,83332.Rv0409,999
83332.Rv0409,83332.Rv0408,999
83332.Rv0414c,83332.Rv0417,998
83332.Rv0414c,83332.Rv0422c,999
83332.Rv0417,83332.Rv0414c,998
83332.Rv0422c,83332.Rv0414c,999
83332.Rv0422c,83332.Rv0423c,997
83332.Rv0423c,83332.Rv0422c,997
83332.Rv0436c,83332.Rv0437c,999
83332.Rv0437c,83332.Rv0436c,999
83332.Rv0440,83332.Rv3418c,999
83332.Rv0448c,83332.Rv0449c,996
83332.Rv0449c,83332.Rv0448c,996
83332.Rv0462,83332.Rv2215,997
83332.Rv0482,83332.Rv2152c,997
83332.Rv0490,83332.Rv0491,997
83332.Rv0491,83332.Rv0490,997
83332.Rv0500,83332.Rv2427c,997
83332.Rv0509,83332.Rv0524,999
83332.Rv0510,83332.Rv0511,997
83332.Rv0510,83332.Rv0512,999
83332.Rv0510,83332.Rv2678c,997
83332.Rv0511,83332.Rv0510,997
83332.Rv0512,83332.Rv0510,999
83332.Rv0524,83332.Rv0509,999
83332.Rv0533c,83332.Rv2243,996
83332.Rv0618,83332.Rv0619,999
83332.Rv0618,83332.Rv0620,998
83332.Rv0619,83332.Rv0618,999
83332.Rv0619,83332.Rv0620,998
83332.Rv0620,83332.Rv0618,998
83332.Rv0620,83332.Rv0619,998
83332.Rv0629c,83332.Rv0630c,999
83332.Rv0629c,83332.Rv0631c,999
83332.Rv0630c,83332.Rv0629c,999
83332.Rv0630c,83332.Rv0631c,999
83332.Rv0631c,83332.Rv0629c,999
83332.Rv0631c,83332.Rv0630c,999
83332.Rv0640,83332.Rv0641,999
83332.Rv0640,83332.Rv0651,996
83332.Rv0640,83332.Rv0652,996
83332.Rv0641,83332.Rv0640,999
83332.Rv0641,83332.Rv2057c,999
83332.Rv0651,83332.Rv0640,996
83332.Rv0651,83332.Rv0652,999
83332.Rv0652,83332.Rv0640,996
83332.Rv0652,83332.Rv0651,999
83332.Rv0667,83332.Rv0668,999
83332.Rv0667,83332.Rv3457c,999
83332.Rv0668,83332.Rv0667,999
83332.Rv0668,83332.Rv3457c,998
83332.Rv0682,83332.Rv0683,999
83332.Rv0682,83332.Rv0721,997
83332.Rv0683,83332.Rv0682,999
83332.Rv0683,83332.Rv0685,997
83332.Rv0685,83332.Rv0683,997
83332.Rv0700,83332.Rv0701,996
83332.Rv0700,83332.Rv0702,996
83332.Rv0700,83332.Rv0705,997
83332.Rv0700,83332.Rv0710,997
83332.Rv0701,83332.Rv0700,996
83332.Rv0701,83332.Rv0702,999
83332.Rv0701,83332.Rv0703,999
83332.Rv0701,83332.Rv0704,998
83332.Rv0701,83332.Rv0706,998
83332.Rv0701,83332.Rv0708,997
83332.Rv0702,83332.Rv0700,996
83332.Rv0702,83332.Rv0701,999
83332.Rv0702,83332.Rv0703,999
83332.Rv0702,83332.Rv0704,999
83332.Rv0702,83332.Rv0706,998
83332.Rv0702,83332.Rv0708,998
83332.Rv0703,83332.Rv0701,999
83332.Rv0703,83332.Rv0702,999
83332.Rv0703,83332.Rv0704,998
83332.Rv0703,83332.Rv0706,998
83332.Rv0703,83332.Rv0708,998
83332.Rv0703,83332.Rv2916c,999
83332.Rv0704,83332.Rv0701,998
83332.Rv0704,83332.Rv0702,999
83332.Rv0704,83332.Rv0703,998
83332.Rv0704,83332.Rv0705,998
83332.Rv0704,83332.Rv0706,999
83332.Rv0704,83332.Rv0707,997
83332.Rv0704,83332.Rv0708,999
83332.Rv0705,83332.Rv0700,997
83332.Rv0705,83332.Rv0704,998
83332.Rv0705,83332.Rv0706,997
83332.Rv0705,83332.Rv0707,999
83332.Rv0705,83332.Rv0708,998
83332.Rv0705,83332.Rv0710,999
83332.Rv0705,83332.Rv2056c,999
83332.Rv0706,83332.Rv0701,998
83332.Rv0706,83332.Rv0702,998
83332.Rv0706,83332.Rv0703,998
83332.Rv0706,83332.Rv0704,999
83332.Rv0706,83332.Rv0705,997
83332.Rv0706,83332.Rv0707,997
83332.Rv0706,83332.Rv0708,999
83332.Rv0707,83332.Rv0704,997
83332.Rv0707,83332.Rv0705,999
83332.Rv0707,83332.Rv0706,997
83332.Rv0707,83332.Rv0708,999
83332.Rv0707,83332.Rv0710,999
83332.Rv0708,83332.Rv0701,997
83332.Rv0708,83332.Rv0702,998
83332.Rv0708,83332.Rv0703,998
83332.Rv0708,83332.Rv0704,999
83332.Rv0708,83332.Rv0705,998
83332.Rv0708,83332.Rv0706,999
83332.Rv0708,83332.Rv0707,999
83332.Rv0708,83332.Rv0709,997
83332.Rv0708,83332.Rv0710,997
83332.Rv0709,83332.Rv0708,997
83332.Rv0710,83332.Rv0700,997
83332.Rv0710,83332.Rv0705,999
83332.Rv0710,83332.Rv0707,999
83332.Rv0710,83332.Rv0708,997
83332.Rv0710,83332.Rv0718,996
83332.Rv0714,83332.Rv0715,999
83332.Rv0714,83332.Rv0716,999
83332.Rv0715,83332.Rv0714,999
83332.Rv0715,83332.Rv0716,999
83332.Rv0715,83332.Rv0719,996
83332.Rv0716,83332.Rv0714,999
83332.Rv0716,83332.Rv0715,999
83332.Rv0716,83332.Rv0719,996
83332.Rv0716,83332.Rv0720,998
83332.Rv0718,83332.Rv0710,996
83332.Rv0718,83332.Rv0721,998
83332.Rv0718,83332.Rv3458c,997
83332.Rv0718,83332.Rv3459c,997
83332.Rv0719,83332.Rv0715,996
83332.Rv0719,83332.Rv0716,996
83332.Rv0719,83332.Rv0720,999
83332.Rv0719,83332.Rv0723,998
83332.Rv0720,83332.Rv0716,998
83332.Rv0720,83332.Rv0719,999
83332.Rv0720,83332.Rv0723,997
83332.Rv0721,83332.Rv0682,997
83332.Rv0721,83332.Rv0718,998
83332.Rv0721,83332.Rv3459c,996
83332.Rv0721,83332.Rv3460c,997
83332.Rv0722,83332.Rv0723,996
83332.Rv0722,83332.Rv3456c,999
83332.Rv0723,83332.Rv0719,998
83332.Rv0723,83332.Rv0720,997
83332.Rv0723,83332.Rv0722,996
83332.Rv0772,83332.Rv0808,998
83332.Rv0772,83332.Rv0956,999
83332.Rv0772,83332.Rv3275c,996
83332.Rv0777,83332.Rv0357c,998
83332.Rv0777,83332.Rv0780,996
83332.Rv0777,83332.Rv0957,996
83332.Rv0780,83332.Rv0777,996
83332.Rv0781,83332.Rv0782,996
83332.Rv0782,83332.Rv0781,996
83332.Rv0787A,83332.Rv0788,999
83332.Rv0788,83332.Rv0787A,999
83332.Rv0788,83332.Rv0803,999
83332.Rv0803,83332.Rv0788,999
83332.Rv0808,83332.Rv0772,998
83332.Rv0808,83332.Rv0809,997
83332.Rv0809,83332.Rv0808,997
83332.Rv0843,83332.Rv2496c,999
83332.Rv0859,83332.Rv0860,999
83332.Rv0860,83332.Rv0859,999
83332.Rv0902c,83332.Rv0903c,996
83332.Rv0903c,83332.Rv0902c,996
83332.Rv0928,83332.Rv0929,999
83332.Rv0928,83332.Rv0930,998
83332.Rv0929,83332.Rv0928,999
83332.Rv0929,83332.Rv0930,998
83332.Rv0930,83332.Rv0928,998
83332.Rv0930,83332.Rv0929,998
83332.Rv0933,83332.Rv0935,998
83332.Rv0933,83332.Rv0936,998
83332.Rv0934,83332.Rv0935,999
83332.Rv0934,83332.Rv0936,997
83332.Rv0935,83332.Rv0933,998
83332.Rv0935,83332.Rv0934,999
83332.Rv0935,83332.Rv0936,998
83332.Rv0936,83332.Rv0933,998
83332.Rv0936,83332.Rv0934,997
83332.Rv0936,83332.Rv0935,998
83332.Rv0951,83332.Rv0952,999
83332.Rv0952,83332.Rv0951,999
83332.Rv0956,83332.Rv0772,999
83332.Rv0956,83332.Rv0957,999
83332.Rv0957,83332.Rv0777,996
83332.Rv0957,83332.Rv0956,999
83332.Rv1005c,83332.Rv0013,996
83332.Rv1023,83332.Rv1437,998
83332.Rv1023,83332.Rv1617,997
83332.Rv1027c,83332.Rv1028c,998
83332.Rv1028c,83332.Rv1027c,998
83332.Rv1028c,83332.Rv1030,996
83332.Rv1029,83332.Rv1030,999
83332.Rv1029,83332.Rv1031,999
83332.Rv1030,83332.Rv1028c,996
83332.Rv1030,83332.Rv1029,999
83332.Rv1030,83332.Rv1031,999
83332.Rv1031,83332.Rv1029,999
83332.Rv1031,83332.Rv1030,999
83332.Rv1032c,83332.Rv1033c,996
83332.Rv1033c,83332.Rv1032c,996
83332.Rv1161,83332.Rv1162,999
83332.Rv1161,83332.Rv1163,999
83332.Rv1161,83332.Rv1164,999
83332.Rv1162,83332.Rv1161,999
83332.Rv1162,83332.Rv1163,999
83332.Rv1162,83332.Rv1164,999
83332.Rv1163,83332.Rv1161,999
83332.Rv1163,83332.Rv1162,999
83332.Rv1163,83332.Rv1164,999
83332.Rv1164,83332.Rv1161,999
83332.Rv1164,83332.Rv1162,999
83332.Rv1164,83332.Rv1163,999
83332.Rv1207,83332.Rv3606c,996
83332.Rv1235,83332.Rv1236,998
83332.Rv1235,83332.Rv1237,998
83332.Rv1236,83332.Rv1235,998
83332.Rv1236,83332.Rv1237,997
83332.Rv1236,83332.Rv1238,996
83332.Rv1237,83332.Rv1235,998
83332.Rv1237,83332.Rv1236,997
83332.Rv1237,83332.Rv1238,998
83332.Rv1238,83332.Rv1236,996
83332.Rv1238,83332.Rv1237,998
83332.Rv1281c,83332.Rv1282c,998
83332.Rv1281c,83332.Rv1283c,997
83332.Rv1282c,83332.Rv1281c,998
83332.Rv1282c,83332.Rv1283c,998
83332.Rv1283c,83332.Rv1281c,997
83332.Rv1283c,83332.Rv1282c,998
83332.Rv1285,83332.Rv1286,999
83332.Rv1286,83332.Rv1285,999
83332.Rv1286,83332.Rv2392,997
83332.Rv1294,83332.Rv1296,998
83332.Rv1296,83332.Rv1294,998
83332.Rv1304,83332.Rv1305,999
83332.Rv1304,83332.Rv1306,999
83332.Rv1304,83332.Rv1308,999
83332.Rv1304,83332.Rv1309,999
83332.Rv1304,83332.Rv1310,999
83332.Rv1304,83332.Rv1311,996
83332.Rv1305,83332.Rv1304,999
83332.Rv1305,83332.Rv1306,997
83332.Rv1305,83332.Rv1308,999
83332.Rv1305,83332.Rv1309,996
83332.Rv1305,83332.Rv1310,997
83332.Rv1305,83332.Rv1311,998
83332.Rv1306,83332.Rv1304,999
83332.Rv1306,83332.Rv1305,997
83332.Rv1306,83332.Rv1308,999
83332.Rv1306,83332.Rv1309,999
83332.Rv1306,83332.Rv1310,999
83332.Rv1306,83332.Rv1311,997
83332.Rv1307,83332.Rv1309,997
83332.Rv1308,83332.Rv1304,999
83332.Rv1308,83332.Rv1305,999
83332.Rv1308,83332.Rv1306,999
83332.Rv1308,83332.Rv1309,999
83332.Rv1308,83332.Rv1310,999
83332.Rv1308,83332.Rv1311,999
83332.Rv1309,83332.Rv1304,999
83332.Rv1309,83332.Rv1305,996
83332.Rv1309,83332.Rv1306,999
83332.Rv1309,83332.Rv1307,997
83332.Rv1309,83332.Rv1308,999
83332.Rv1309,83332.Rv1310,999
83332.Rv1309,83332.Rv1311,999
83332.Rv1310,83332.Rv1304,999
83332.Rv1310,83332.Rv1305,997
83332.Rv1310,83332.Rv1306,999
83332.Rv1310,83332.Rv1308,999
83332.Rv1310,83332.Rv1309,999
83332.Rv1310,83332.Rv1311,999
83332.Rv1311,83332.Rv1304,996
83332.Rv1311,83332.Rv1305,998
83332.Rv1311,83332.Rv1306,997
83332.Rv1311,83332.Rv1308,999
83332.Rv1311,83332.Rv1309,999
83332.Rv1311,83332.Rv1310,999
83332.Rv1335,83332.Rv1336,996
83332.Rv1336,83332.Rv1335,996
83332.Rv1379,83332.Rv1380,997
83332.Rv1380,83332.Rv1379,997
83332.Rv1380,83332.Rv1381,999
83332.Rv1380,83332.Rv1383,999
83332.Rv1380,83332.Rv1384,999
83332.Rv1381,83332.Rv1380,999
83332.Rv1383,83332.Rv1380,999
83332.Rv1383,83332.Rv1384,999
83332.Rv1383,83332.Rv1656,996
83332.Rv1384,83332.Rv1380,999
83332.Rv1384,83332.Rv1383,999
83332.Rv1408,83332.Rv1449c,996
83332.Rv1412,83332.Rv1416,999
83332.Rv1413,83332.Rv1414,996
83332.Rv1414,83332.Rv1413,996
83332.Rv1415,83332.Rv1416,999
83332.Rv1416,83332.Rv1412,999
83332.Rv1416,83332.Rv1415,999
83332.Rv1420,83332.Rv1633,999
83332.Rv1436,83332.Rv0363c,996
83332.Rv1436,83332.Rv1437,999
83332.Rv1436,83332.Rv1438,999
83332.Rv1437,83332.Rv1023,998
83332.Rv1437,83332.Rv1436,999
83332.Rv1437,83332.Rv1438,999
83332.Rv1438,83332.Rv0363c,997
83332.Rv1438,83332.Rv1436,999
83332.Rv1438,83332.Rv1437,999
83332.Rv1445c,83332.Rv1447c,998
83332.Rv1447c,83332.Rv1445c,998
83332.Rv1449c,83332.Rv1408,996
83332.Rv1451,83332.Rv2193,996
83332.Rv1461,83332.Rv1463,996
83332.Rv1463,83332.Rv1461,996
83332.Rv1463,83332.Rv1464,998
83332.Rv1464,83332.Rv1463,998
83332.Rv1492,83332.Rv1493,998
83332.Rv1493,83332.Rv1492,998
83332.Rv1493,83332.Rv1496,999
83332.Rv1496,83332.Rv1493,999
83332.Rv1511,83332.Rv1512,999
83332.Rv1512,83332.Rv1511,999
83332.Rv1552,83332.Rv1553,999
83332.Rv1552,83332.Rv1554,999
83332.Rv1553,83332.Rv1552,999
83332.Rv1553,83332.Rv1554,999
83332.Rv1553,83332.Rv1555,999
83332.Rv1554,83332.Rv1552,999
83332.Rv1554,83332.Rv1553,999
83332.Rv1554,83332.Rv1555,999
83332.Rv1555,83332.Rv1553,999
83332.Rv1555,83332.Rv1554,999
83332.Rv1568,83332.Rv1569,997
83332.Rv1568,83332.Rv1570,997
83332.Rv1569,83332.Rv1568,997
83332.Rv1570,83332.Rv1568,997
83332.Rv1594,83332.Rv1595,999
83332.Rv1594,83332.Rv1596,999
83332.Rv1595,83332.Rv1594,999
83332.Rv1595,83332.Rv1596,996
83332.Rv1596,83332.Rv1594,999
83332.Rv1596,83332.Rv1595,996
83332.Rv1599,83332.Rv1600,998
83332.Rv1599,83332.Rv1601,999
83332.Rv1599,83332.Rv1602,998
83332.Rv1599,83332.Rv1603,996
83332.Rv1599,83332.Rv1605,998
83332.Rv1599,83332.Rv1606,999
83332.Rv1599,83332.Rv2121c,996
83332.Rv1600,83332.Rv1599,998
83332.Rv1600,83332.Rv1601,999
83332.Rv1601,83332.Rv1599,999
83332.Rv1601,83332.Rv1600,999
83332.Rv1601,83332.Rv1602,999
83332.Rv1601,83332.Rv1603,997
83332.Rv1601,83332.Rv1605,999
83332.Rv1601,83332.Rv1606,997
83332.Rv1602,83332.Rv1599,998
83332.Rv1602,83332.Rv1601,999
83332.Rv1602,83332.Rv1603,999
83332.Rv1602,83332.Rv1605,999
83332.Rv1603,83332.Rv1599,996
83332.Rv1603,83332.Rv1601,997
83332.Rv1603,83332.Rv1602,999
83332.Rv1603,83332.Rv1605,998
83332.Rv1603,83332.Rv1606,999
83332.Rv1605,83332.Rv1599,998
83332.Rv1605,83332.Rv1601,999
83332.Rv1605,83332.Rv1602,999
83332.Rv1605,83332.Rv1603,998
83332.Rv1605,83332.Rv1606,999
83332.Rv1606,83332.Rv1599,999
83332.Rv1606,83332.Rv1601,997
83332.Rv1606,83332.Rv1603,999
83332.Rv1606,83332.Rv1605,999
83332.Rv1606,83332.Rv2122c,997
83332.Rv1609,83332.Rv0013,999
83332.Rv1609,83332.Rv2192c,998
83332.Rv1611,83332.Rv1612,999
83332.Rv1611,83332.Rv1613,999
83332.Rv1611,83332.Rv2192c,999
83332.Rv1612,83332.Rv1611,999
83332.Rv1612,83332.Rv1613,999
83332.Rv1613,83332.Rv1611,999
83332.Rv1613,83332.Rv1612,999
83332.Rv1617,83332.Rv1023,997
83332.Rv1622c,83332.Rv1623c,999
83332.Rv1623c,83332.Rv1622c,999
83332.Rv1633,83332.Rv1420,999
83332.Rv1633,83332.Rv1638,999
83332.Rv1638,83332.Rv1633,999
83332.Rv1649,83332.Rv1650,999
83332.Rv1650,83332.Rv1649,999
83332.Rv1652,83332.Rv1653,997
83332.Rv1652,83332.Rv1654,999
83332.Rv1652,83332.Rv1655,999
83332.Rv1652,83332.Rv1656,998
83332.Rv1653,83332.Rv1652,997
83332.Rv1653,83332.Rv1654,999
83332.Rv1653,83332.Rv1655,998
83332.Rv1653,83332.Rv1656,999
83332.Rv1653,83332.Rv1658,998
83332.Rv1654,83332.Rv1652,999
83332.Rv1654,83332.Rv1653,999
83332.Rv1655,83332.Rv1652,999
83332.Rv1655,83332.Rv1653,998
83332.Rv1656,83332.Rv1383,996
83332.Rv1656,83332.Rv1652,998
83332.Rv1656,83332.Rv1653,999
83332.Rv1656,83332.Rv1658,999
83332.Rv1656,83332.Rv1659,998
83332.Rv1658,83332.Rv1653,998
83332.Rv1658,83332.Rv1656,999
83332.Rv1658,83332.Rv1659,999
83332.Rv1659,83332.Rv1656,998
83332.Rv1659,83332.Rv1658,999
83332.Rv1709,83332.Rv1710,996
83332.Rv1710,83332.Rv1709,996
83332.Rv1826,83332.Rv1832,998
83332.Rv1826,83332.Rv2211c,999
83332.Rv1832,83332.Rv1826,998
83332.Rv1832,83332.Rv2211c,999
83332.Rv1843c,83332.Rv3396c,996
83332.Rv1848,83332.Rv1849,999
83332.Rv1848,83332.Rv1850,999
83332.Rv1848,83332.Rv1851,997
83332.Rv1848,83332.Rv1852,999
83332.Rv1849,83332.Rv1848,999
83332.Rv1849,83332.Rv1850,999
83332.Rv1849,83332.Rv1851,997
83332.Rv1849,83332.Rv1852,999
83332.Rv1850,83332.Rv1848,999
83332.Rv1850,83332.Rv1849,999
83332.Rv1850,83332.Rv1851,997
83332.Rv1850,83332.Rv1852,999
83332.Rv1851,83332.Rv1848,997
83332.Rv1851,83332.Rv1849,997
83332.Rv1851,83332.Rv1850,997
83332.Rv1851,83332.Rv1852,997
83332.Rv1852,83332.Rv1848,999
83332.Rv1852,83332.Rv1849,999
83332.Rv1852,83332.Rv1850,999
83332.Rv1852,83332.Rv1851,997
83332.Rv1857,83332.Rv1858,999
83332.Rv1858,83332.Rv1857,999
83332.Rv1858,83332.Rv1859,997
83332.Rv1859,83332.Rv1858,997
83332.Rv1915,83332.Rv1916,999
83332.Rv1916,83332.Rv1915,999
83332.Rv1959c,83332.Rv1960c,997
83332.Rv1960c,83332.Rv1959c,997
83332.Rv1981c,83332.Rv3051c,997
83332.Rv2013,83332.Rv2014,996
83332.Rv2014,83332.Rv2013,996
83332.Rv2038c,83332.Rv2039c,996
83332.Rv2038c,83332.Rv2040c,997
83332.Rv2039c,83332.Rv2038c,996
83332.Rv2039c,83332.Rv2040c,997
83332.Rv2039c,83332.Rv2041c,997
83332.Rv2040c,83332.Rv2038c,997
83332.Rv2040c,83332.Rv2039c,997
83332.Rv2040c,83332.Rv2041c,998
83332.Rv2041c,83332.Rv2039c,997
83332.Rv2041c,83332.Rv2040c,998
83332.Rv2056c,83332.Rv0705,999
83332.Rv2057c,83332.Rv0641,999
83332.Rv2064,83332.Rv2066,998
83332.Rv2065,83332.Rv2066,999
83332.Rv2066,83332.Rv2064,998
83332.Rv2066,83332.Rv2065,999
83332.Rv2066,83332.Rv2071c,998
83332.Rv2070c,83332.Rv2072c,999
83332.Rv2071c,83332.Rv2066,998
83332.Rv2072c,83332.Rv2070c,999
83332.Rv2101,83332.Rv2102,997
83332.Rv2102,83332.Rv2101,997
83332.Rv2109c,83332.Rv2110c,999
83332.Rv2110c,83332.Rv2109c,999
83332.Rv2121c,83332.Rv1599,996
83332.Rv2121c,83332.Rv2122c,997
83332.Rv2122c,83332.Rv1606,997
83332.Rv2122c,83332.Rv2121c,997
83332.Rv2152c,83332.Rv0482,997
83332.Rv2152c,83332.Rv2155c,998
83332.Rv2153c,83332.Rv2155c,997
83332.Rv2153c,83332.Rv2156c,999
83332.Rv2153c,83332.Rv2158c,998
83332.Rv2155c,83332.Rv2152c,998
83332.Rv2155c,83332.Rv2153c,997
83332.Rv2155c,83332.Rv2156c,997
83332.Rv2155c,83332.Rv2158c,998
83332.Rv2156c,83332.Rv2153c,999
83332.Rv2156c,83332.Rv2155c,997
83332.Rv2156c,83332.Rv2157c,999
83332.Rv2156c,83332.Rv2158c,998
83332.Rv2157c,83332.Rv2156c,999
83332.Rv2157c,83332.Rv2158c,999
83332.Rv2158c,83332.Rv2153c,998
83332.Rv2158c,83332.Rv2155c,998
83332.Rv2158c,83332.Rv2156c,998
83332.Rv2158c,83332.Rv2157c,999
83332.Rv2192c,83332.Rv0013,996
83332.Rv2192c,83332.Rv1609,998
83332.Rv2192c,83332.Rv1611,999
83332.Rv2193,83332.Rv1451,996
83332.Rv2193,83332.Rv3043c,999
83332.Rv2194,83332.Rv2196,996
83332.Rv2195,83332.Rv2196,998
83332.Rv2196,83332.Rv2194,996
83332.Rv2196,83332.Rv2195,998
83332.Rv2200c,83332.Rv3043c,997
83332.Rv2207,83332.Rv0306,997
83332.Rv2207,83332.Rv2208,996
83332.Rv2208,83332.Rv0254c,996
83332.Rv2208,83332.Rv2207,996
83332.Rv2210c,83332.Rv0189c,996
83332.Rv2211c,83332.Rv1826,999
83332.Rv2211c,83332.Rv1832,999
83332.Rv2215,83332.Rv0462,997
83332.Rv2215,83332.Rv2496c,998
83332.Rv2215,83332.Rv2497c,996
83332.Rv2217,83332.Rv2218,999
83332.Rv2218,83332.Rv2217,999
83332.Rv2243,83332.Rv0533c,996
83332.Rv2243,83332.Rv2245,998
83332.Rv2243,83332.Rv2246,997
83332.Rv2244,83332.Rv2245,999
83332.Rv2244,83332.Rv2246,998
83332.Rv2245,83332.Rv2243,998
83332.Rv2245,83332.Rv2244,999
83332.Rv2246,83332.Rv2243,997
83332.Rv2246,83332.Rv2244,998
83332.Rv2321c,83332.Rv2322c,999
83332.Rv2322c,83332.Rv2321c,999
83332.Rv2334,83332.Rv2335,999
83332.Rv2335,83332.Rv2334,999
83332.Rv2391,83332.Rv2392,997
83332.Rv2392,83332.Rv1286,997
83332.Rv2392,83332.Rv2391,997
83332.Rv2397c,83332.Rv2398c,998
83332.Rv2397c,83332.Rv2399c,998
83332.Rv2397c,83332.Rv2400c,999
83332.Rv2398c,83332.Rv2397c,998
83332.Rv2398c,83332.Rv2399c,997
83332.Rv2398c,83332.Rv2400c,999
83332.Rv2399c,83332.Rv2397c,998
83332.Rv2399c,83332.Rv2398c,997
83332.Rv2399c,83332.Rv2400c,999
83332.Rv2400c,83332.Rv2397c,999
83332.Rv2400c,83332.Rv2398c,999
83332.Rv2400c,83332.Rv2399c,999
83332.Rv2427c,83332.Rv0500,997
83332.Rv2427c,83332.Rv2439c,999
83332.Rv2428,83332.Rv2429,998
83332.Rv2429,83332.Rv2428,998
83332.Rv2439c,83332.Rv2427c,999
83332.Rv2441c,83332.Rv2442c,999
83332.Rv2441c,83332.Rv2916c,999
83332.Rv2442c,83332.Rv2441c,999
83332.Rv2442c,83332.Rv2916c,999
83332.Rv2454c,83332.Rv2455c,999
83332.Rv2455c,83332.Rv2454c,999
83332.Rv2482c,83332.Rv2483c,996
83332.Rv2483c,83332.Rv2482c,996
83332.Rv2495c,83332.Rv2496c,999
83332.Rv2495c,83332.Rv2497c,999
83332.Rv2496c,83332.Rv0843,999
83332.Rv2496c,83332.Rv2215,998
83332.Rv2496c,83332.Rv2495c,999
83332.Rv2496c,83332.Rv2497c,999
83332.Rv2497c,83332.Rv2215,996
83332.Rv2497c,83332.Rv2495c,999
83332.Rv2497c,83332.Rv2496c,999
83332.Rv2501c,83332.Rv2502c,997
83332.Rv2502c,83332.Rv2501c,997
83332.Rv2503c,83332.Rv2504c,999
83332.Rv2504c,83332.Rv2503c,999
83332.Rv2537c,83332.Rv2538c,998
83332.Rv2538c,83332.Rv2537c,998
83332.Rv2538c,83332.Rv2539c,999
83332.Rv2538c,83332.Rv2540c,997
83332.Rv2539c,83332.Rv2538c,999
83332.Rv2539c,83332.Rv2552c,998
83332.Rv2539c,83332.Rv3227,999
83332.Rv2540c,83332.Rv2538c,997
83332.Rv2552c,83332.Rv2539c,998
83332.Rv2586c,83332.Rv2587c,999
83332.Rv2587c,83332.Rv2586c,999
83332.Rv2592c,83332.Rv2593c,999
83332.Rv2592c,83332.Rv2594c,999
83332.Rv2593c,83332.Rv2592c,999
83332.Rv2593c,83332.Rv2594c,999
83332.Rv2594c,83332.Rv2592c,999
83332.Rv2594c,83332.Rv2593c,999
83332.Rv2604c,83332.Rv2606c,999
83332.Rv2606c,83332.Rv2604c,999
83332.Rv2674,83332.Rv0137c,997
83332.Rv2678c,83332.Rv0510,997
83332.Rv2753c,83332.Rv2773c,998
83332.Rv2763c,83332.Rv2764c,999
83332.Rv2764c,83332.Rv2763c,999
83332.Rv2773c,83332.Rv2753c,998
83332.Rv2832c,83332.Rv2834c,997
83332.Rv2832c,83332.Rv2835c,996
83332.Rv2833c,83332.Rv2834c,998
83332.Rv2833c,83332.Rv2835c,998
83332.Rv2834c,83332.Rv2832c,997
83332.Rv2834c,83332.Rv2833c,998
83332.Rv2834c,83332.Rv2835c,996
83332.Rv2835c,83332.Rv2832c,996
83332.Rv2835c,83332.Rv2833c,998
83332.Rv2835c,83332.Rv2834c,996
83332.Rv2868c,83332.Rv2870c,996
83332.Rv2870c,83332.Rv2868c,996
83332.Rv2889c,83332.Rv2890c,997
83332.Rv2890c,83332.Rv2889c,997
83332.Rv2916c,83332.Rv0703,999
83332.Rv2916c,83332.Rv2441c,999
83332.Rv2916c,83332.Rv2442c,999
83332.Rv2919c,83332.Rv2920c,999
83332.Rv2920c,83332.Rv2919c,999
83332.Rv2936,83332.Rv2937,999
83332.Rv2936,83332.Rv2938,998
83332.Rv2937,83332.Rv2936,999
83332.Rv2938,83332.Rv2936,998
83332.Rv2946c,83332.Rv2947c,996
83332.Rv2947c,83332.Rv2946c,996
83332.Rv2987c,83332.Rv2988c,999
83332.Rv2987c,83332.Rv2995c,998
83332.Rv2988c,83332.Rv2987c,999
83332.Rv2988c,83332.Rv2995c,998
83332.Rv2995c,83332.Rv2987c,998
83332.Rv2995c,83332.Rv2988c,998
83332.Rv3001c,83332.Rv0189c,999
83332.Rv3001c,83332.Rv3002c,998
83332.Rv3001c,83332.Rv3003c,999
83332.Rv3002c,83332.Rv3001c,998
83332.Rv3002c,83332.Rv3003c,999
83332.Rv3003c,83332.Rv3001c,999
83332.Rv3003c,83332.Rv3002c,999
83332.Rv3009c,83332.Rv3011c,999
83332.Rv3011c,83332.Rv3009c,999
83332.Rv3011c,83332.Rv3012c,997
83332.Rv3012c,83332.Rv3011c,997
83332.Rv3028c,83332.Rv3029c,999
83332.Rv3029c,83332.Rv3028c,999
83332.Rv3043c,83332.Rv2193,999
83332.Rv3043c,83332.Rv2200c,997
83332.Rv3048c,83332.Rv3051c,998
83332.Rv3051c,83332.Rv1981c,997
83332.Rv3051c,83332.Rv3048c,998
83332.Rv3051c,83332.Rv3052c,996
83332.Rv3052c,83332.Rv3051c,996
83332.Rv3132c,83332.Rv3133c,998
83332.Rv3133c,83332.Rv3132c,998
83332.Rv3145,83332.Rv3146,999
83332.Rv3145,83332.Rv3147,999
83332.Rv3145,83332.Rv3148,999
83332.Rv3145,83332.Rv3149,998
83332.Rv3145,83332.Rv3150,999
83332.Rv3145,83332.Rv3151,997
83332.Rv3145,83332.Rv3152,999
83332.Rv3145,83332.Rv3153,997
83332.Rv3145,83332.Rv3155,999
83332.Rv3145,83332.Rv3156,998
83332.Rv3145,83332.Rv3157,998
83332.Rv3145,83332.Rv3158,999
83332.Rv3146,83332.Rv3145,999
83332.Rv3146,83332.Rv3147,999
83332.Rv3146,83332.Rv3148,999
83332.Rv3146,83332.Rv3149,999
83332.Rv3146,83332.Rv3150,999
83332.Rv3146,83332.Rv3151,999
83332.Rv3146,83332.Rv3152,999
83332.Rv3146,83332.Rv3153,999
83332.Rv3146,83332.Rv3155,998
83332.Rv3146,83332.Rv3156,997
83332.Rv3146,83332.Rv3157,997
83332.Rv3146,83332.Rv3158,996
83332.Rv3147,83332.Rv3145,999
83332.Rv3147,83332.Rv3146,999
83332.Rv3147,83332.Rv3148,999
83332.Rv3147,83332.Rv3149,999
83332.Rv3147,83332.Rv3150,999
83332.Rv3147,83332.Rv3151,999
83332.Rv3147,83332.Rv3152,998
83332.Rv3147,83332.Rv3153,999
83332.Rv3147,83332.Rv3155,996
83332.Rv3147,83332.Rv3156,997
83332.Rv3147,83332.Rv3157,996
83332.Rv3147,83332.Rv3158,997
83332.Rv3148,83332.Rv3145,999
83332.Rv3148,83332.Rv3146,999
83332.Rv3148,83332.Rv3147,999
83332.Rv3148,83332.Rv3149,999
83332.Rv3148,83332.Rv3150,999
83332.Rv3148,83332.Rv3151,999
83332.Rv3148,83332.Rv3152,999
83332.Rv3148,83332.Rv3153,999
83332.Rv3148,83332.Rv3154,998
83332.Rv3148,83332.Rv3155,999
83332.Rv3148,83332.Rv3156,999
83332.Rv3148,83332.Rv3157,999
83332.Rv3148,83332.Rv3158,999
83332.Rv3149,83332.Rv3145,998
83332.Rv3149,83332.Rv3146,999
83332.Rv3149,83332.Rv3147,999
83332.Rv3149,83332.Rv3148,999
83332.Rv3149,83332.Rv3150,999
83332.Rv3149,83332.Rv3151,999
83332.Rv3149,83332.Rv3152,998
83332.Rv3149,83332.Rv3153,999
83332.Rv3149,83332.Rv3155,997
83332.Rv3149,83332.Rv3156,997
83332.Rv3149,83332.Rv3158,996
83332.Rv3150,83332.Rv3145,999
83332.Rv3150,83332.Rv3146,999
83332.Rv3150,83332.Rv3147,999
83332.Rv3150,83332.Rv3148,999
83332.Rv3150,83332.Rv3149,999
83332.Rv3150,83332.Rv3151,999
83332.Rv3150,83332.Rv3152,999
83332.Rv3150,83332.Rv3153,999
83332.Rv3150,83332.Rv3155,999
83332.Rv3150,83332.Rv3156,998
83332.Rv3150,83332.Rv3157,998
83332.Rv3150,83332.Rv3158,997
83332.Rv3151,83332.Rv3145,997
83332.Rv3151,83332.Rv3146,999
83332.Rv3151,83332.Rv3147,999
83332.Rv3151,83332.Rv3148,999
83332.Rv3151,83332.Rv3149,999
83332.Rv3151,83332.Rv3150,999
83332.Rv3151,83332.Rv3152,997
83332.Rv3151,83332.Rv3153,999
83332.Rv3151,83332.Rv3156,997
83332.Rv3152,83332.Rv3145,999
83332.Rv3152,83332.Rv3146,999
83332.Rv3152,83332.Rv3147,998
83332.Rv3152,83332.Rv3148,999
83332.Rv3152,83332.Rv3149,998
83332.Rv3152,83332.Rv3150,999
83332.Rv3152,83332.Rv3151,997
83332.Rv3152,83332.Rv3153,999
83332.Rv3152,83332.Rv3154,999
83332.Rv3152,83332.Rv3155,999
83332.Rv3152,83332.Rv3156,999
83332.Rv3152,83332.Rv3157,999
83332.Rv3152,83332.Rv3158,999
83332.Rv3153,83332.Rv3145,997
83332.Rv3153,83332.Rv3146,999
83332.Rv3153,83332.Rv3147,999
83332.Rv3153,83332.Rv3148,999
83332.Rv3153,83332.Rv3149,999
83332.Rv3153,83332.Rv3150,999
83332.Rv3153,83332.Rv3151,999
83332.Rv3153,83332.Rv3152,999
83332.Rv3153,83332.Rv3154,999
83332.Rv3153,83332.Rv3155,999
83332.Rv3153,83332.Rv3156,999
83332.Rv3153,83332.Rv3157,999
83332.Rv3153,83332.Rv3158,999
83332.Rv3154,83332.Rv3148,998
83332.Rv3154,83332.Rv3152,999
83332.Rv3154,83332.Rv3153,999
83332.Rv3154,83332.Rv3155,999
83332.Rv3154,83332.Rv3156,998
83332.Rv3154,83332.Rv3157,998
83332.Rv3154,83332.Rv3158,999
83332.Rv3155,83332.Rv3145,999
83332.Rv3155,83332.Rv3146,998
83332.Rv3155,83332.Rv3147,996
83332.Rv3155,83332.Rv3148,999
83332.Rv3155,83332.Rv3149,997
83332.Rv3155,83332.Rv3150,999
83332.Rv3155,83332.Rv3152,999
83332.Rv3155,83332.Rv3153,999
83332.Rv3155,83332.Rv3154,999
83332.Rv3155,83332.Rv3156,999
83332.Rv3155,83332.Rv3157,999
83332.Rv3155,83332.Rv3158,999
83332.Rv3156,83332.Rv3145,998
83332.Rv3156,83332.Rv3146,997
83332.Rv3156,83332.Rv3147,997
83332.Rv3156,83332.Rv3148,999
83332.Rv3156,83332.Rv3149,997
83332.Rv3156,83332.Rv3150,998
83332.Rv3156,83332.Rv3151,997
83332.Rv3156,83332.Rv3152,999
83332.Rv3156,83332.Rv3153,999
83332.Rv3156,83332.Rv3154,998
83332.Rv3156,83332.Rv3155,999
83332.Rv3156,83332.Rv3157,999
83332.Rv3156,83332.Rv3158,999
83332.Rv3157,83332.Rv3145,998
83332.Rv3157,83332.Rv3146,997
83332.Rv3157,83332.Rv3147,996
83332.Rv3157,83332.Rv3148,999
83332.Rv3157,83332.Rv3150,998
83332.Rv3157,83332.Rv3152,999
83332.Rv3157,83332.Rv3153,999
83332.Rv3157,83332.Rv3154,998
83332.Rv3157,83332.Rv3155,999
83332.Rv3157,83332.Rv3156,999
83332.Rv3157,83332.Rv3158,999
83332.Rv3158,83332.Rv3145,999
83332.Rv3158,83332.Rv3146,996
83332.Rv3158,83332.Rv3147,997
83332.Rv3158,83332.Rv3148,999
83332.Rv3158,83332.Rv3149,996
83332.Rv3158,83332.Rv3150,997
83332.Rv3158,83332.Rv3152,999
83332.Rv3158,83332.Rv3153,999
83332.Rv3158,83332.Rv3154,999
83332.Rv3158,83332.Rv3155,999
83332.Rv3158,83332.Rv3156,999
83332.Rv3158,83332.Rv3157,999
83332.Rv3227,83332.Rv2539c,999
83332.Rv3236c,83332.Rv3237c,997
83332.Rv3237c,83332.Rv3236c,997
83332.Rv3261,83332.Rv3262,997
83332.Rv3262,83332.Rv3261,997
83332.Rv3266c,83332.Rv3465,999
83332.Rv3275c,83332.Rv0772,996
83332.Rv3275c,83332.Rv3276c,999
83332.Rv3276c,83332.Rv3275c,999
83332.Rv3314c,83332.Rv3315c,999
83332.Rv3315c,83332.Rv3314c,999
83332.Rv3316,83332.Rv3317,999
83332.Rv3316,83332.Rv3319,996
83332.Rv3317,83332.Rv3316,999
83332.Rv3317,83332.Rv3319,996
83332.Rv3318,83332.Rv3319,999
83332.Rv3319,83332.Rv3316,996
83332.Rv3319,83332.Rv3317,996
83332.Rv3319,83332.Rv3318,999
83332.Rv3340,83332.Rv3341,998
83332.Rv3341,83332.Rv3340,998
83332.Rv3357,83332.Rv3358,998
83332.Rv3358,83332.Rv3357,998
83332.Rv3372,83332.Rv3490,998
83332.Rv3396c,83332.Rv1843c,996
83332.Rv3396c,83332.Rv3411c,999
83332.Rv3400,83332.Rv3401,999
83332.Rv3401,83332.Rv3400,999
83332.Rv3411c,83332.Rv3396c,999
83332.Rv3417c,83332.Rv3418c,999
83332.Rv3418c,83332.Rv0440,999
83332.Rv3418c,83332.Rv3417c,999
83332.Rv3419c,83332.Rv3421c,996
83332.Rv3421c,83332.Rv3419c,996
83332.Rv3442c,83332.Rv3443c,998
83332.Rv3443c,83332.Rv3442c,998
83332.Rv3456c,83332.Rv0722,999
83332.Rv3456c,83332.Rv3457c,997
83332.Rv3457c,83332.Rv0667,999
83332.Rv3457c,83332.Rv0668,998
83332.Rv3457c,83332.Rv3456c,997
83332.Rv3457c,83332.Rv3676,999
83332.Rv3458c,83332.Rv0718,997
83332.Rv3458c,83332.Rv3459c,999
83332.Rv3458c,83332.Rv3460c,999
83332.Rv3459c,83332.Rv0718,997
83332.Rv3459c,83332.Rv0721,996
83332.Rv3459c,83332.Rv3458c,999
83332.Rv3459c,83332.Rv3460c,999
83332.Rv3460c,83332.Rv0721,997
83332.Rv3460c,83332.Rv3458c,999
83332.Rv3460c,83332.Rv3459c,999
83332.Rv3464,83332.Rv0334,998
83332.Rv3464,83332.Rv3465,999
83332.Rv3465,83332.Rv0334,996
83332.Rv3465,83332.Rv3266c,999
83332.Rv3465,83332.Rv3464,999
83332.Rv3490,83332.Rv3372,998
83332.Rv3534c,83332.Rv3535c,997
83332.Rv3534c,83332.Rv3536c,997
83332.Rv3535c,83332.Rv3534c,997
83332.Rv3536c,83332.Rv3534c,997
83332.Rv3551,83332.Rv3552,998
83332.Rv3552,83332.Rv3551,998
83332.Rv3581c,83332.Rv3582c,999
83332.Rv3582c,83332.Rv3581c,999
83332.Rv3600c,83332.Rv3602c,996
83332.Rv3601c,83332.Rv3602c,999
83332.Rv3602c,83332.Rv3600c,996
83332.Rv3602c,83332.Rv3601c,999
83332.Rv3606c,83332.Rv1207,996
83332.Rv3606c,83332.Rv3607c,999
83332.Rv3606c,83332.Rv3608c,999
83332.Rv3607c,83332.Rv3606c,999
83332.Rv3607c,83332.Rv3608c,999
83332.Rv3608c,83332.Rv3606c,999
83332.Rv3608c,83332.Rv3607c,999
83332.Rv3663c,83332.Rv3664c,997
83332.Rv3664c,83332.Rv3663c,997
83332.Rv3665c,83332.Rv3666c,997
83332.Rv3666c,83332.Rv3665c,997
83332.Rv3676,83332.Rv3457c,999
83332.Rv3701c,83332.Rv3703c,998
83332.Rv3703c,83332.Rv3701c,998
83332.Rv3708c,83332.Rv3709c,999
83332.Rv3709c,83332.Rv3708c,999
83332.Rv3712,83332.Rv3713,997
83332.Rv3713,83332.Rv3712,997
83332.Rv3756c,83332.Rv3757c,997
83332.Rv3756c,83332.Rv3758c,998
83332.Rv3756c,83332.Rv3759c,999
83332.Rv3757c,83332.Rv3756c,997
83332.Rv3757c,83332.Rv3758c,998
83332.Rv3757c,83332.Rv3759c,999
83332.Rv3758c,83332.Rv3756c,998
83332.Rv3758c,83332.Rv3757c,998
83332.Rv3758c,83332.Rv3759c,997
83332.Rv3759c,83332.Rv3756c,999
83332.Rv3759c,83332.Rv3757c,999
83332.Rv3759c,83332.Rv3758c,997
83332.Rv3781,83332.Rv3783,999
83332.Rv3783,83332.Rv3781,999
83332.Rv3858c,83332.Rv3859c,999
83332.Rv3859c,83332.Rv3858c,999
83332.Rv3874,83332.Rv3875,999
83332.Rv3875,83332.Rv3874,999
83332.Rv3913,83332.Rv3914,999
83332.Rv3914,83332.Rv3913,999
83332.Rv3917c,83332.Rv3918c,998
83332.Rv3918c,83332.Rv3917c,998
